<?xml version="1.0" encoding="UTF-8" ?>
<!DOCTYPE mapper PUBLIC "-//mybatis.org//DTD Mapper 3.0//EN"
        "http://mybatis.org/dtd/mybatis-3-mapper.dtd" >
<mapper namespace="com.sky.mapper.EmployeeMapper">
    <insert id="register" useGeneratedKeys="true" keyProperty="id">
        insert into users (username, password, email, role, created_at, updated_at)
            VALUES
        (#{username},#{password},#{email},#{role},#{createdAt},#{updatedAt})
    </insert>
    <update id="update">
        update users
        <set>
            <if test="username != null">username = #{username},</if>
            <if test="password != null">password = #{password},</if>
            <if test="email != null">email = #{email},</if>
<!--            <if test="coverImage != null">cover_image = #{coverImage},</if>-->
            <if test="status != null">status = #{status},</if>
            <if test="updatedAt != null">update_at = #{updatedAt},</if>
        </set>
        where email = #{email}
    </update>
</mapper>
