<?xml version="1.0" encoding="UTF-8" ?>
<!DOCTYPE mapper PUBLIC "-//mybatis.org//DTD Mapper 3.0//EN"
        "http://mybatis.org/dtd/mybatis-3-mapper.dtd" >
<mapper namespace="com.sky.mapper.PackagesMapper">
    <insert id="add" useGeneratedKeys="true" keyProperty="id">
        insert into packages (package_name, price, status, image, created_at, updated_at, category_id)
        VALUES
            (#{packageName},#{price},#{status},#{image},#{createdAt},#{updatedAt},#{categoryId})
    </insert>
    <update id="update">
        update packages
        <set>
            <if test="packageName != null">package_name = #{packageName},</if>
            <if test="categoryId != null">category_id = #{categoryId},</if>
            <if test="price != null">price = #{price},</if>
            <if test="image != null">image = #{image},</if>
            <if test="description != null">description = #{description},</if>
            <if test="status != null">status = #{status},</if>
            <if test="updatedAt != null">update_at = #{updatedAt},</if>
        </set>
        where id = #{id}
    </update>
    <delete id="deleteByIds">
        delete from packages where id in
        <foreach collection="ids" separator="," item="id" open="(" close=")">
            #{id}
        </foreach>
    </delete>

    <select id="pageQuery" resultType="com.sky.vo.PackagesVO">
        select
        p.*,c.name as categoryName
        from
        packages p
        left join
        categories c
        on
        p.category_id = c.id
        <where>
            <if test="packageName != null">
                and p.package_name like concat('%',#{packageName},'%')
            </if>
            <if test="status != null">
                and p.status = #{status}
            </if>
            <if test="categoryId != null">
                and p.category_id = #{categoryId}
            </if>
        </where>
        order by p.updated_at desc
    </select>
</mapper>