<?xml version="1.0" encoding="UTF-8" ?>
<!DOCTYPE mapper PUBLIC "-//mybatis.org//DTD Mapper 3.0//EN"
        "http://mybatis.org/dtd/mybatis-3-mapper.dtd" >
<mapper namespace="com.sky.mapper.ProductMapper">
    <insert id="add" useGeneratedKeys="true" keyProperty="id">
        insert into books (title, author, isbn, publication_date, price, cover_image, inventory,created_at, updated_at,category_id)
        values
            (#{title}, #{author}, #{isbn}, #{publicationDate}, #{price}, #{coverImage}, #{inventory}, #{createdAt},#{updatedAt},#{categoryId})
    </insert>

    <delete id="deleteByIds">
        delete from books where id in
        <foreach collection="ids" item="id" separator="," open="(" close=")">
            #{id}
        </foreach>
    </delete>
    <select id="pageQuery" resultType="com.sky.vo.ProductVO">
        select b.* ,c.name as categoryName
        from books b
        left outer join categories c
        on b.category_id = c.id
        <where>
            <if test="title != null">
                and title like concat('%',#{title},'%')
            </if>
            <if test="status != null">
                and status = #{status}
            </if>
            <if test="categoryId != null">
                and b.category_id = #{categoryId}
            </if>
        </where>
        order by b.created_at desc
    </select>
    <select id="getMsg" resultType="com.sky.entity.PackageBook">
        select title as name, price, id as bookId
        from books
        where id in
        <foreach collection="bookIds" item="id" separator="," open="(" close=")">
            #{id}
        </foreach>
    </select>

    <update id="update">
        update books
        <set>
            <if test="title != null">title = #{title},</if>
            <if test="categoryId != null">category_id = #{categoryId},</if>
            <if test="price != null">price = #{price},</if>
            <if test="coverImage != null">cover_image = #{coverImage},</if>
            <if test="author != null">author = #{author},</if>
            <if test="status != null">status = #{status},</if>
            <if test="updatedAt != null">update_at = #{updatedAt},</if>
            <if test="isbn != null">isbn = #{isbn},</if>
            <if test="publicationDate != null">publication_date = #{publicationDate},</if>
            <if test="inventory != null">inventory = #{inventory},</if>
        </set>
        where id = #{id}
    </update>
</mapper>
