<?xml version="1.0" encoding="UTF-8" ?>
<!DOCTYPE mapper PUBLIC "-//mybatis.org//DTD Mapper 3.0//EN"
        "http://mybatis.org/dtd/mybatis-3-mapper.dtd" >
<mapper namespace="com.sky.mapper.UsersMapper">
    <select id="pageQuery" resultType="com.sky.vo.UsersVO">
        select *
        from users
        <where>
            <if test="username != null">
                and username like concat('%',#{username},'%')
            </if>
            <if test="status != null">
                and status = #{status}
            </if>
        </where>
        order by id desc
    </select>

    <delete id="deleteByIds">
        delete from users where id in
        <foreach collection="ids" item="id" separator="," open="(" close=")">
            #{id}
        </foreach>
    </delete>

    <update id="update">
        update users
        <set>
            <if test="username != null">username = #{username},</if>
            <if test="password != null">password = #{password},</if>
            <if test="email != null">email = #{email},</if>
            <if test="role != role">role = #{role},</if>
            <if test="status != null">status = #{status},</if>
            <if test="updatedAt != null">updated_at = #{updatedAt},</if>
            <if test="image != null">image = #{image},</if>
        </set>
        where id = #{id}
    </update>

    <select id="countUsersByMonth" resultType="com.sky.vo.UserCountByMonthVO">
        SELECT DATE_FORMAT(created_at, '%Y-%m') AS date_month, COUNT(*) AS user_count
        FROM users
        WHERE created_at IS NOT NULL
        GROUP BY DATE_FORMAT(created_at, '%Y-%m')
        ORDER BY date_month
    </select>
</mapper>
